{"initial_reset_timestamp": 1607288505.5579834, "timestamps": [1607288540.0190463], "episode_lengths": [275], "episode_rewards": [-1027.779320787744], "episode_types": ["t"]}