{"initial_reset_timestamp": 1607702170.385516, "timestamps": [1607702175.0032973], "episode_lengths": [83], "episode_rewards": [-1086.1457363164347], "episode_types": ["t"]}