{"initial_reset_timestamp": 1607288505.5579796, "timestamps": [1607288540.0443022], "episode_lengths": [275], "episode_rewards": [-1027.779320787744], "episode_types": ["t"]}