{"initial_reset_timestamp": 1607696898.087192, "timestamps": [1607696964.805599], "episode_lengths": [1500], "episode_rewards": [-10322.869990279421], "episode_types": ["t"]}